plugin,name,old_formId,new_formId
Apocalypse - Magic of Skyrim.esp,Raise Wall,0xAC00CC14,0xA900CC14
Apocalypse - Magic of Skyrim.esp,Control Weather,0xAC084A9C,0xA9084A9C
Apocalypse - Magic of Skyrim.esp,Deep Storage,0xAC003907,0xA9003907
MysticismMagic.esp,Windrunner,0xAE10D265,0xAB10D265
Apocalypse - Magic of Skyrim.esp,Longstride,0xAC00541E,0xA900541E
Triumvirate - Mage Archetypes.esp,Druidcraft,0xB528E6E9,0xB128E6E9
Apocalypse - Magic of Skyrim.esp,Alarm,0xAC0064A2,0xA90064A2
MysticismMagic.esp,Flame Shield,0xAE29265D,0xAB29265D
MysticismMagic.esp,Ice Shield,0xAE29266C,0xAB29266C
MysticismMagic.esp,Lightning Shield,0xAE292665,0xAB292665
MysticismMagic.esp,Venom Shield,0xAE292673,0xAB292673
Supernova.esl,Gravity Diamond,0xFE081817,0xFE080817
Triumvirate - Mage Archetypes.esp,Pull Through Shadows,0xB530D2A4,0xB130D2A4
Apocalypse - Magic of Skyrim.esp,Lodesphere,0xAC085570,0xA9085570
Apocalypse - Magic of Skyrim.esp,Hold,0xAC074B84,0xA9074B84
Apocalypse - Magic of Skyrim.esp,Tumble Magnet,0xAC00A5EB,0xA900A5EB
Apocalypse - Magic of Skyrim.esp,Knowledge is Power,0xAC00CC16,0xA900CC16
Fanatical Enemies.esp,Against Divinity,0xC5452C4A,0xC0452C4A
Apocalypse - Magic of Skyrim.esp,Hethoth's Grimoire,0xAC00C13D,0xA900C13D
MysticismMagic.esp,Symmetry,0xAEFF19E0,0xABFF19E0
Fanatical Enemies.esp,Spite,0xC5678432,0xC0678432
MysticismMagic.esp,Open Novice Lock,0xAE3C2436,0xAB3C2436
Triumvirate - Mage Archetypes.esp,Eye of the All-Maker,0xB53A0127,0xB13A0127
Apocalypse - Magic of Skyrim.esp,Loot Magnet,0xAC0DD9E7,0xA90DD9E7
MysticismMagic.esp,Dispel,0xAE2ABBDC,0xAB2ABBDC
MysticismMagic.esp,Windwalker,0xAE10D264,0xAB10D264
MysticismMagic.esp,Poison Shell,0xAE292672,0xAB292672
MysticismMagic.esp,Shock Shell,0xAE292664,0xAB292664
MysticismMagic.esp,Frost Shell,0xAE29266B,0xAB29266B
MysticismMagic.esp,Fire Shell,0xAE29265E,0xAB29265E
Apocalypse - Magic of Skyrim.esp,Tharn's Prison,0xAC002E25,0xA9002E25
Triumvirate - Mage Archetypes.esp,Shadow Stride,0xB5381AF8,0xB1381AF8
Apocalypse - Magic of Skyrim.esp,Wither,0xAC12649C,0xA912649C
MysticismMagic.esp,Open Adept Lock,0xAE3C7540,0xAB3C7540
W3S.esl,Aard - Telekinetic Strike,0xFE08380A,0xFE08280A
Apocalypse - Magic of Skyrim.esp,Reynos' Fins,0xAC007A94,0xA9007A94
MysticismMagic.esp,Detect All,0xAEC857B9,0xABC857B9
Gourmet.esp,Transmute Bread,0xFE9E89EE,0xFEA089EE
MysticismMagic.esp,Sea Stride,0xAE1B3907,0xAB1B3907
Apocalypse - Magic of Skyrim.esp,Talons of Nirn,0xAC097A50,0xA9097A50
Apocalypse - Magic of Skyrim.esp,Thrumming Stone,0xAC124EC7,0xA9124EC7
MysticismMagic.esp,Swift Swim,0xAE7D0721,0xAB7D0721
Apocalypse - Magic of Skyrim.esp,Drop Zone,0xAC00B646,0xA900B646
Apocalypse - Magic of Skyrim.esp,Locate Object,0xAC00C143,0xA900C143
Apocalypse - Magic of Skyrim.esp,Perilous Path,0xAC0F2181,0xA90F2181
MysticismMagic.esp,Ash Cloud,0xAE1901E5,0xAB1901E5
MysticismMagic.esp,Cinder Storm,0xAE4B065B,0xAB4B065B
Apocalypse - Magic of Skyrim.esp,Entomb,0xAC04581C,0xA904581C
Triumvirate - Mage Archetypes.esp,Fissure,0xB5423DB0,0xB1423DB0
MysticismMagic.esp,Feather,0xAE292684,0xAB292684
MysticismMagic.esp,Weakness to Fire,0xAE292677,0xAB292677
MysticismMagic.esp,Weakness to Frost,0xAE29267C,0xAB29267C
MysticismMagic.esp,Weakness to Shock,0xAE29267B,0xAB29267B
MysticismMagic.esp,Weakness to Poison,0xAE292680,0xAB292680
Apocalypse - Magic of Skyrim.esp,Spell Twine,0xAC006A30,0xA9006A30
Apocalypse - Magic of Skyrim.esp,Prepare for Adventure,0xAC007FFD,0xA9007FFD
Apocalypse - Magic of Skyrim.esp,Milestones,0xAC0A59D5,0xA90A59D5
Apocalypse - Magic of Skyrim.esp,Natural Barrier,0xAC0AE5B7,0xA90AE5B7
Apocalypse - Magic of Skyrim.esp,Fabricate Object,0xAC003902,0xA9003902
Fanatical Enemies.esp,Blessing of Agility,0xC5413920,0xC0413920
Apocalypse - Magic of Skyrim.esp,Strength of Earth,0xAC00D6F5,0xA900D6F5
Triumvirate - Mage Archetypes.esp,Stave of Ferocity,0xB541EC9E,0xB141EC9E
MysticismMagic.esp,Dwemerbane,0xAE2A19B3,0xAB2A19B3
MysticismMagic.esp,Encumber,0xAEAC7E8B,0xABAC7E8B
MysticismMagic.esp,Armoreater,0xAE2A19B9,0xAB2A19B9
MysticismMagic.esp,Grand Telekinesis,0xAE19A3ED,0xAB19A3ED
Apocalypse - Magic of Skyrim.esp,Battletide,0xAC05ECEE,0xA905ECEE
Fanatical Enemies.esp,Imbue Weapon - Flame II,0xC56992F2,0xC06992F2
Fanatical Enemies.esp,Imbue Weapon - Cleric Fire,0xC571CE07,0xC071CE07
Fanatical Enemies.esp,Imbue Weapon - Holy Infusion II,0xC56CBD40,0xC06CBD40
Fanatical Enemies.esp,Imbue Weapon - Holy Infusion I,0xC56CBD3E,0xC06CBD3E
Apocalypse - Magic of Skyrim.esp,Teleport,0xAC046DBB,0xA9046DBB
Triumvirate - Mage Archetypes.esp,Night Gate,0xB5025EB2,0xB1025EB2
Triumvirate - Mage Archetypes.esp,Sacred Hearth,0xB53B9680,0xB13B9680
MysticismMagic.esp,Burden,0xAE3C7547,0xAB3C7547
Apocalypse - Magic of Skyrim.esp,Tremble,0xAC098FFF,0xA9098FFF
Triumvirate - Mage Archetypes.esp,Step Through Shadows,0xB530D2A7,0xB130D2A7
Apocalypse - Magic of Skyrim.esp,Sotha's Maelstrom,0xAC086B64,0xA9086B64
MysticismMagic.esp,Weight of the World,0xAE4B065F,0xAB4B065F
MysticismMagic.esp,Swordbreaker,0xAE9E9213,0xAB9E9213
Apocalypse - Magic of Skyrim.esp,Undermine,0xAC002E31,0xA9002E31
Triumvirate - Mage Archetypes.esp,Impenetrable Grove,0xB52A7C1B,0xB12A7C1B
Triumvirate - Mage Archetypes.esp,Shadow Dance,0xB530818A,0xB130818A
Apocalypse - Magic of Skyrim.esp,Grace of Water,0xAC0AAF9E,0xA90AAF9E
Triumvirate - Mage Archetypes.esp,Stave of Binding,0xB53AF45F,0xB13AF45F
MysticismMagic.esp,Destroy Construct,0xAE844E4A,0xAB844E4A
MysticismMagic.esp,Disintegrate Weapon,0xAE7B720C,0xAB7B720C
Apocalypse - Magic of Skyrim.esp,Mark and Recall,0xAC0AF0A4,0xA90AF0A4
MysticismMagic.esp,Burden Rune,0xAEAEB598,0xABAEB598
Apocalypse - Magic of Skyrim.esp,Acceleration Rune,0xAC124EC9,0xA9124EC9
MysticismMagic.esp,Corrode Armor,0xAE29C8AB,0xAB29C8AB
Apocalypse - Magic of Skyrim.esp,Malviser's Gauntlet,0xAC002E2A,0xA9002E2A
Fanatical Enemies.esp,Imbue Weapon - Stamina Drain,0xC570DAF3,0xC070DAF3
Fanatical Enemies.esp,Imbue Weapon - Bleeding I,0xC568F0D2,0xC068F0D2
Fanatical Enemies.esp,Imbue Weapon - Poison I,0xC56FE7A8,0xC06FE7A8
Fanatical Enemies.esp,Imbue Weapon - Flame I,0xC56941E4,0xC06941E4
Fanatical Enemies.esp,Imbue Weapon - Frost Strike,0xC5670AA2,0xC0670AA2
Apocalypse - Magic of Skyrim.esp,Wind Running,0xAC005F2B,0xA9005F2B
MysticismJumpSpells.esp,Springheel,0xFE94B805,0xFE967805
Triumvirate - Mage Archetypes.esp,Force of Nature,0xB528E6EB,0xB128E6EB
Apocalypse - Magic of Skyrim.esp,Ocato's Recital,0xAC006FA6,0xA9006FA6
Apocalypse - Magic of Skyrim.esp,Thundering Hooves,0xAC007A8C,0xA9007A8C
MysticismMagic.esp,Slowfall,0xAE2977A1,0xAB2977A1
Triumvirate - Mage Archetypes.esp,Wildshape,0xB5191252,0xB1191252
Apocalypse - Magic of Skyrim.esp,Detonate Lock,0xAC00AB69,0xA900AB69
MysticismMagic.esp,Open Expert Lock,0xAE3C7542,0xAB3C7542
Fanatical Enemies.esp,Imbue Weapon - Shadows,0xC56E0176,0xC06E0176
Fanatical Enemies.esp,Imbue Weapon - Vile Poison II,0xC56FE7B0,0xC06FE7B0
Fanatical Enemies.esp,Imbue Weapon - Holy Infusion IV,0xC56CBD44,0xC06CBD44
Fanatical Enemies.esp,Imbue Weapon - Vile Poison I,0xC56FE7AE,0xC06FE7AE
Fanatical Enemies.esp,Imbue Weapon - Withering I,0xC569E3FE,0xC069E3FE
Fanatical Enemies.esp,Imbue Weapon - Mage Curse II,0xC57089E0,0xC07089E0
Fanatical Enemies.esp,Imbue Weapon - Mage Curse I,0xC57089DE,0xC07089DE
MysticismMagic.esp,Pack Mule,0xAE292689,0xAB292689
MysticismJumpSpells.esp,Leap,0xFE94B802,0xFE967802
Fanatical Enemies.esp,Imbue Weapon - Poison III,0xC56FE7AC,0xC06FE7AC
MysticismMagic.esp,The Unwelcome Guest,0xAE4B0648,0xAB4B0648
Wintersun - Faiths of Skyrim.esp,Divine Intervention,0xD43775CC,0xD03775CC
Triumvirate - Mage Archetypes.esp,Chase the Horizon,0xB528E6E7,0xB128E6E7
Fanatical Enemies.esp,Imbue Weapon - Sinister Attacks I,0xC57038CE,0xC07038CE
Fanatical Enemies.esp,Imbue Weapon - Bleeding II,0xC56941DA,0xC06941DA
Fanatical Enemies.esp,Imbue Weapon - Sinister Attacks II,0xC57038D0,0xC07038D0
Fanatical Enemies.esp,Imbue Weapon - Withering II,0xC569E400,0xC069E400
Fanatical Enemies.esp,Imbue Weapon - Holy Infusion III,0xC56CBD42,0xC06CBD42
Fanatical Enemies.esp,Imbue Weapon - Poison II,0xC56FE7AA,0xC06FE7AA
SPERG-SSE.esp,Bound Battleaxe,0xAF038600,0xAC038600
SPERG-SSE.esp,Bound Sword,0xAF038603,0xAC038603
Apocalypse - Magic of Skyrim.esp,Conjure Lich,0xAC01236A,0xA901236A
Apocalypse - Magic of Skyrim.esp,Conjure Dremora Assassin,0xAC0128F7,0xA90128F7
Apocalypse - Magic of Skyrim.esp,Conjure Weeping Daedra,0xAC08FDED,0xA908FDED
SPERG-SSE.esp,Flame Thrall,0xAF02D31B,0xAC02D31B
Vulcano.esp,Conjure Molten Monarch,0xFE97B981,0xFE999981
MysticismMagic.esp,Bound Warhammer,0xAEDED0F7,0xABDED0F7
MysticismMagic.esp,Conjure Spectral Manbeast,0xAE43BD72,0xAB43BD72
Apocalypse - Magic of Skyrim.esp,Conjure Bear Totem,0xAC04734D,0xA904734D
Apocalypse - Magic of Skyrim.esp,Conjure Battlemage,0xAC08868C,0xA908868C
mihailaegisofthesigil.esp,Conjure Aegis of the Sigil,0xFE79B807,0xFE7B7807
Vulcano.esp,Conjure Molten Atronach,0xFE97B980,0xFE999980
SPERG-SSE.esp,Conjure Flame Atronach,0xAF02B292,0xAC02B292
Fanatical Enemies.esp,Rebind Soul,0xC5E85159,0xC0E85159
MysticismMagic.esp,Conjure Skeleton Mage,0xAE413549,0xAB413549
Apocalypse - Magic of Skyrim.esp,Banish Living,0xAC092B91,0xA9092B91
Apocalypse - Magic of Skyrim.esp,Rampage,0xAC05E222,0xA905E222
MysticismMagic.esp,Oblivion's Embrace,0xAEDB04D2,0xABDB04D2
AkaviriFollower.esp,Summon Halberdier Sujiwara,0xFEA4F864,0xFEA6F864
AkaviriFollower.esp,Summon General Taira,0xFEA4F854,0xFEA6F854
Apocalypse - Magic of Skyrim.esp,Conjure Deadeye Captain,0xAC037E17,0xA9037E17
Arclight.esp,Conjure Arclight Monarch,0xFE97C981,0xFE99A981
mihailstormgolem.esp,Conjure Storm Golem,0xFE793817,0xFE7AF817
SPERG-SSE.esp,Frost Thrall,0xAF02D31D,0xAC02D31D
SPERG-SSE.esp,Conjure Frost Atronach,0xAF02D318,0xAC02D318
1FleshColossus.esl,Conjure Flesh Colossus,0xFE076802,0xFE075802
mihailscampstandalone.esp,Conjure Scamp,0xFE7A3817,0xFE7BF817
MysticismMagic.esp,Soul Harvest,0xAE9F8524,0xAB9F8524
Fanatical Enemies.esp,Oblivion Rage,0xC54B59DC,0xC04B59DC
Apocalypse - Magic of Skyrim.esp,Power of the Master,0xAC01857E,0xA901857E
Apocalypse - Magic of Skyrim.esp,Consuming Power,0xAC016F92,0xA9016F92
Apocalypse - Magic of Skyrim.esp,Conjure Avenging Wraith,0xAC017A8E,0xA9017A8E
AkaviriFollower.esp,Summon Kinomaru,0xFEA4F84D,0xFEA6F84D
Apocalypse - Magic of Skyrim.esp,Atronach Mark,0xAC02CD7E,0xA902CD7E
Apocalypse - Magic of Skyrim.esp,Conjure Dremora Pit Fighter,0xAC012364,0xA9012364
Apocalypse - Magic of Skyrim.esp,Conjure Xivilai Sorcerer,0xAC1228A8,0xA91228A8
Apocalypse - Magic of Skyrim.esp,Daedric Mind,0xAC0BB97E,0xA90BB97E
Apocalypse - Magic of Skyrim.esp,Conjure Dremora Churl,0xAC012359,0xA9012359
DCR_KingCrusaderMegaPack_SSE.esp,Locust Storm I,0xFE65084F,0xFE66D84F
Apocalypse - Magic of Skyrim.esp,Azure Reconstruction,0xAC088694,0xA9088694
Triumvirate - Mage Archetypes.esp,Eldritch Blast,0xB519B465,0xB119B465
Apocalypse - Magic of Skyrim.esp,Conjure Gateway Wraith,0xAC0BB983,0xA90BB983
Elemental Destruction Magic Redux.esp,Wind Thrall,0xFE97991A,0xFE99791A
Fettered Fragments.esp,Fragments Fettering - Discharge Whip,0xFE71C825,0xFE738825
Fettered Fragments.esp,Fragments Fettering - Carmine Whip,0xFE71C830,0xFE738830
Fettered Fragments.esp,Fragments Fettering - Mending Whip,0xFE71C826,0xFE738826
DCR_KingCrusaderMegaPack_SSE.esp,Locust Storm II,0xFE65084E,0xFE66D84E
Apocalypse - Magic of Skyrim.esp,Soul Cloak,0xAC140B03,0xA9140B03
mihailogrim.esp,Conjure Ogrim,0xFE79A80A,0xFE7B680A
SPERG-SSE.esp,Bound Bow,0xAF038601,0xAC038601
Fanatical Enemies.esp,Conjure Keeper,0xC5E85161,0xC0E85161
Fettered Fragments.esp,Fragments Fettering - Mending Scythe,0xFE71C82C,0xFE73882C
mihailashgolemexpansion.esp,Summon Ash Golem,0x9800591A,0x9500591A
MysticismMagic.esp,Conjure Ash Guardian,0xAEE7ADBD,0xABE7ADBD
AncientBloodII.esl,Conjure Stone Gargoyle,0xFE085816,0xFE084816
Triumvirate - Mage Archetypes.esp,Call Snow Leopard,0xB5168A25,0xB1168A25
MysticismMagic.esp,Conjure Skeleton Warrior,0xAE40933C,0xAB40933C
Vulcano.esp,Conjure Molten Wyrm,0xFE97B94C,0xFE99994C
Triumvirate - Mage Archetypes.esp,Create Water Totem,0xB53BE79F,0xB13BE79F
ogBogmort.esp,Call of the Marsh,0xFE7B1878,0xFE7CD878
MysticismMagic.esp,Bound War Axe,0xAEDD3BED,0xABDD3BED
MysticismMagic.esp,Conjure Wrathman Warlock,0xAE01F2FB,0xAB01F2FB
MysticismMagic.esp,Conjure Wrathman Marksman,0xAE01F2FA,0xAB01F2FA
MysticismMagic.esp,Conjure Gargoyle,0xAEE7FED0,0xABE7FED0
Elemental Destruction Magic Redux.esp,Conjure Earth Atronach,0xFE979946,0xFE997946
MysticismMagic.esp,Conjure Skeleton Archer,0xAE413545,0xAB413545
mihailscampstandalone.esp,Conjure Banekamp,0xFE7A381A,0xFE7BF81A
Desecration.esp,Conjure Necrotic Flame Monarch,0xFE97D9A0,0xFE99B9A0
Apocalypse - Magic of Skyrim.esp,Daedric Crescent,0xAC01A0A4,0xA901A0A4
Apocalypse - Magic of Skyrim.esp,Conjure Dremora Champion,0xAC0128DF,0xA90128DF
Apocalypse - Magic of Skyrim.esp,Conjure Dremora Honor Guard,0xAC0133D6,0xA90133D6
mihailhavocrelsandruinachs.esp,Conjure Ruinach Demolisher,0xFE7A2877,0xFE7BE877
mihailhavocrelsandruinachs.esp,Conjure Ruinach Blazemaul,0xFE7A287A,0xFE7BE87A
mihailbonecolossiandgravelords.esp,Conjure Stonefire Bone Colossus,0xFE7A0990,0xFE7BC990
Triumvirate - Mage Archetypes.esp,Conjure Temple Grim,0xB522E322,0xB122E322
Apocalypse - Magic of Skyrim.esp,Corpse Explosion,0xAC11E0A5,0xA911E0A5
DCR_KingCrusaderMegaPack_SSE.esp,Locust Storm III,0xFE650841,0xFE66D841
mihailbanekins.esp,Conjure Deadlands Banekin,0x99056A38,0x96056A38
Apocalypse - Magic of Skyrim.esp,Necrowitch,0xAC016F95,0xA9016F95
Fettered Fragments.esp,Fragments Fettering - Discharge Scythe,0xFE71C82B,0xFE73882B
Fettered Fragments.esp,Fragments Fettering - Sleet Scythe,0xFE71C82E,0xFE73882E
Fettered Fragments.esp,Fragments Fettering - Ember Scythe,0xFE71C82D,0xFE73882D
DwemerSpectresLegendary.esp,Dwemer Animunculi,0x9D004E3C,0x9A004E3C
MysticismMagic.esp,Conjure Dwarven Spider,0xAE446019,0xAB446019
mihailbanekins.esp,Conjure Coldharbour Banekin,0x9900AA2E,0x9600AA2E
MysticismMagic.esp,Conjure Spectral Steed,0xAE43BD6D,0xAB43BD6D
Apocalypse - Magic of Skyrim.esp,Oathbound Guardian,0xAC018AE7,0xA9018AE7
MysticismMagic.esp,Conjure Ancestral Assassin,0xAE43BD87,0xAB43BD87
MysticismMagic.esp,Conjure Ancestral Wizard,0xAE43BD82,0xAB43BD82
MysticismMagic.esp,Conjure Spectral Dire Wolf,0xAE43BD62,0xAB43BD62
mihailbonecolossiandgravelords.esp,Conjure Dragonfire Bone Colossus,0xFE7A098F,0xFE7BC98F
mihailbonecolossiandgravelords.esp,Conjure Thunderchild Bone Colossus,0xFE7A0991,0xFE7BC991
Triumvirate - Mage Archetypes.esp,Conjure Magister,0xB522E326,0xB122E326
Triumvirate - Mage Archetypes.esp,Conjure Ravagor,0xB522E324,0xB122E324
AncientBloodII.esl,Conjure Herald of Torment,0xFE085889,0xFE084889
MysticismMagic.esp,Conjure Dremora Warrior,0xAE41D74F,0xAB41D74F
MysticismMagic.esp,Conjure Ancestral Guardian,0xAE43BD7A,0xAB43BD7A
mihailpossesseddaedricarmors.esp,Conjure Doomsday of Blades,0xFE7A5808,0xFE7C1808
Apocalypse - Magic of Skyrim.esp,Conjure Herne,0xAC0128E8,0xA90128E8
Apocalypse - Magic of Skyrim.esp,Conjure Xivilai Lord,0xAC012370,0xA9012370
AkaviriFollower.esp,Summon Archer Yueja,0xFEA4F85B,0xFEA6F85B
MysticismMagic.esp,Bound Shield,0xAEDC48DA,0xABDC48DA
Fettered Fragments.esp,Fragments Fettering - Spectral Scythe,0xFE71C829,0xFE738829
Apocalypse - Magic of Skyrim.esp,Conjure Dremora Mentor,0xAC0C64B1,0xA90C64B1
Fettered Fragments.esp,Fragments Fettering - Ember Whip,0xFE71C82F,0xFE73882F
MysticismMagic.esp,Conjure Skeleton Champion,0xAE41864C,0xAB41864C
SPERG-SSE.esp,Conjure Storm Atronach,0xAF02D319,0xAC02D319
Elemental Destruction Magic Redux.esp,Conjure Wind Atronach,0xFE979944,0xFE997944
Apocalypse - Magic of Skyrim.esp,Conjure Nether Lich,0xAC0128FA,0xA90128FA
Fanatical Enemies.esp,Healing Spriggan,0xC5EC79E3,0xC0EC79E3
Triumvirate - Mage Archetypes.esp,Create Tree Totem,0xB53C38C5,0xB13C38C5
Apocalypse - Magic of Skyrim.esp,Conjure Cat Totem,0xAC027144,0xA9027144
Fettered Fragments.esp,Fragments Fettering - Carmine Scythe,0xFE71C828,0xFE738828
Fettered Fragments.esp,Fragments Fettering - Verdure Scythe,0xFE71C82A,0xFE73882A
Elemental Destruction Magic Redux.esp,Water Thrall,0xFE97991B,0xFE99791B
Elemental Destruction Magic Redux.esp,Conjure Water Atronach,0xFE979940,0xFE997940
AncientBloodII.esl,The Eternal Legion,0xFE085900,0xFE084900
MysticismMagic.esp,Conjure Ash Husk,0xAE45F595,0xAB45F595
MysticismMagic.esp,Conjure Gargoyle Brute,0xAEE7FED5,0xABE7FED5
Triumvirate - Mage Archetypes.esp,Create Earth Totem,0xB535E36E,0xB135E36E
Billyro's Weapons.esp,Summon Daemon,0xFE6F2903,0xFE70E903
Triumvirate - Mage Archetypes.esp,Call Hound of Hircine,0xB527009A,0xB127009A
MysticismMagic.esp,Daedric Cure,0xAEDB04D0,0xABDB04D0
AkaviriFollower.esp,Summon Agyo the Giant,0xFEA4F856,0xFEA6F856
AttackoDaedra.esp,Summon Abhorrent Behemoth,0x9C01A821,0x9901A821
Triumvirate - Mage Archetypes.esp,Conjure Leviathan,0xB522E328,0xB122E328
mihailhelhest.esp,Summon Helhest,0xFE79F806,0xFE7BB806
Abyss.esp,Conjure Shadow Wolf,0xFE97EC31,0xFE99CC31
Triumvirate - Mage Archetypes.esp,Call Raven,0xB5181F3B,0xB1181F3B
StormCalling.esl,Conjure Gloomstorm Atronach,0xFE080855,0xFE07F855
SPERG-SSE.esp,Storm Thrall,0xAF02D31F,0xAC02D31F
mihailbonecolossiandgravelords.esp,Conjure Bone Colossus,0xFE7A098E,0xFE7BC98E
Triumvirate - Mage Archetypes.esp,Summon Sun Fylgja,0xB53BE7AA,0xB13BE7AA
MysticismMagic.esp,Conjure Dremora Hunter,0xAE00FFF4,0xAB00FFF4
MysticismMagic.esp,Conjure Spectral Bear,0xAE43BD6C,0xAB43BD6C
MysticismMagic.esp,Conjure Spectral Sabre Cat,0xAE43BD66,0xAB43BD66
Triumvirate - Mage Archetypes.esp,Conjure Gremlin,0xB522E31F,0xB122E31F
Fettered Fragments.esp,Fragments Fettering - Sleet Whip,0xFE71C827,0xFE738827
Triumvirate - Mage Archetypes.esp,Summon Wind Fylgja,0xB535E384,0xB135E384
Triumvirate - Mage Archetypes.esp,Call Rattlesnakes,0xB515460A,0xB115460A
W3S.esl,Yrden - Concussion Zone,0xFE08381C,0xFE08281C
MysticismMagic.esp,Conjure High Seeker,0xAE45538C,0xAB45538C
mihailhavocrelsandruinachs.esp,Conjure Havocrel,0xFE7A285E,0xFE7BE85E
DBM_RelicNotifications.esp,Summon Relic Storage Container,0x47896AA2,0x46896AA2
Apocalypse - Magic of Skyrim.esp,Summoning Rune,0xAC124EC5,0xA9124EC5
MysticismMagic.esp,Mark,0xAE45536C,0xAB45536C
MysticismMagic.esp,Planar Anchor,0xAE4CECE5,0xAB4CECE5
Fettered Fragments.esp,Fragments Fettering - Spectral Whip,0xFE71C831,0xFE738831
Fettered Fragments.esp,Fragments Fettering - Verdure Whip,0xFE71C824,0xFE738824
mihailashgolemexpansion.esp,Summon Omen of Cinders,0x98000812,0x95000812
Apocalypse - Magic of Skyrim.esp,Flames of Oblivion,0xAC0BA392,0xA90BA392
MysticismMagic.esp,Conjure Dremora Sorcerer,0xAE00FFF5,0xAB00FFF5
Arclight.esp,Conjure Arclight Atronach,0xFE97C980,0xFE99A980
MysticismMagic.esp,Conjure Death Hound,0xAEE7FEC6,0xABE7FEC6
Desecration.esp,Conjure Necrotic Flame Atronach,0xFE97D99F,0xFE99B99F
Apocalypse - Magic of Skyrim.esp,Conjure Craftlord,0xAC123E5B,0xA9123E5B
Apocalypse - Magic of Skyrim.esp,Conjure Kyrkrim,0xAC100032,0xA9100032
MysticismMagic.esp,Translimination,0xAE4CECE6,0xAB4CECE6
AttackoDaedra.esp,Summon Anthropoid Daedroth,0x9C01A823,0x9901A823
AttackoDaedra.esp,Summon Bipedal Charyboid Daedra,0x9C01A825,0x9901A825
AttackoDaedra.esp,Summon Sulking Twilight,0x9C01A827,0x9901A827
Fanatical Enemies.esp,Summon Pure-Blooded Vampire,0xC5CDBBEE,0xC0CDBBEE
MysticismMagic.esp,Conjure Volkihar Hound,0xAEE7FECB,0xABE7FECB
AttackoDaedra.esp,Summon Fire-Tongued Daedroth,0x9C01A820,0x9901A820
Elemental Destruction Magic Redux.esp,Earth Thrall,0xFE979919,0xFE997919
Apocalypse - Magic of Skyrim.esp,Conjure Lord of Bindings,0xAC019B2D,0xA9019B2D
Apocalypse - Magic of Skyrim.esp,Conjure Spirit Cat,0xAC062DA4,0xA9062DA4
Triumvirate - Mage Archetypes.esp,Call Gray Wolf,0xB5168A23,0xB1168A23
Apocalypse - Magic of Skyrim.esp,Bond of Summoning,0xAC07C84E,0xA907C84E
AkaviriFollower.esp,Summon Kensei,0xFEA4F96A,0xFEA6F96A
AkaviriFollower.esp,Summon Dragonguard Monk Akamizu,0xFEA4F84E,0xFEA6F84E
MysticismMagic.esp,Recall,0xAE45536D,0xAB45536D
Fanatical Enemies.esp,Mass Reanimation,0xC5D73A41,0xC0D73A41
SPERG-SSE.esp,Bound Dagger,0xAF00C344,0xAC00C344
Abyss.esp,Conjure Shadow Atronach,0xFE97EB26,0xFE99CB26
Abyss.esp,Conjure Shadow Monarch,0xFE97EB0E,0xFE99CB0E
MysticismMagic.esp,Greater Lightning Rune,0xAE2FCC82,0xAB2FCC82
StormCalling.esl,Mage's Fury,0xFE080824,0xFE07F824
MysticismMagic.esp,Thundering Grasp,0xAE1D702F,0xAB1D702F
Triumvirate - Mage Archetypes.esp,Draining Shroud,0xB531C5C1,0xB131C5C1
AncientBloodII.esl,Essence Drain,0xFE08589D,0xFE08489D
Abyss.esp,Shadow Touch,0xFE97EA8C,0xFE99CA8C
Triumvirate - Mage Archetypes.esp,Azra's Wrath,0xB53216CA,0xB13216CA
Abyss.esp,Abyssal Shadow Touch,0xFE97EA8D,0xFE99CA8D
Abyss.esp,Shadow Drain,0xFE97EB1D,0xFE99CB1D
MysticismMagic.esp,Flash Freeze,0xAEA07827,0xABA07827
Fanatical Enemies.esp,Frost Disease,0xC5E39211,0xC0E39211
Fanatical Enemies.esp,Ruin,0xC54D3FFA,0xC04D3FFA
Apocalypse - Magic of Skyrim.esp,Flamestrike,0xAC02E0C0,0xA902E0C0
Fanatical Enemies.esp,Meteor Rain,0xC53C8192,0xC03C8192
Apocalypse - Magic of Skyrim.esp,Static Dome,0xAC08F317,0xA908F317
Astral.esl,Astral Bite,0xFE07F835,0xFE07E835
Astral.esl,Astral Sap,0xFE07F8D9,0xFE07E8D9
Astral.esl,Astral Wave,0xFE07F837,0xFE07E837
Apocalypse - Magic of Skyrim.esp,Sleet Storm,0xAC027F2E,0xA9027F2E
Apocalypse - Magic of Skyrim.esp,Shattering Crystal,0xAC108627,0xA9108627
MysticismMagic.esp,Freezing Grasp,0xAE1D7031,0xAB1D7031
Astral.esl,Astral Strike,0xFE07F831,0xFE07E831
Apocalypse - Magic of Skyrim.esp,Third Era Apocalypse,0xAC120FA8,0xA9120FA8
Astral.esl,Pure Astral Flare,0xFE07F843,0xFE07E843
Astral.esl,Pure Astral Blitz,0xFE07F842,0xFE07E842
Astral.esl,Pure Astral Spear,0xFE07F846,0xFE07E846
Supernova.esl,Celestial Rays,0xFE081814,0xFE080814
Astral.esl,Astral Shower,0xFE07F847,0xFE07E847
Triumvirate - Mage Archetypes.esp,Nightblade,0xB5330A43,0xB1330A43
Abyss.esp,Abyssal Shadow Rune,0xFE97E82B,0xFE99C82B
Abyss.esp,Shadow Detonation,0xFE97EBFD,0xFE99CBFD
Abyss.esp,Abyssal Shadow Drain,0xFE97EC0C,0xFE99CC0C
MysticismMagic.esp,Burning Touch,0xAE1AE7FA,0xAB1AE7FA
Apocalypse - Magic of Skyrim.esp,Dragon's Teeth,0xAC02B548,0xA902B548
Apocalypse - Magic of Skyrim.esp,Inferno,0xAC022DAB,0xA9022DAB
SPERG-SSE.esp,Fire Rune,0xAF035517,0xAC035517
MysticismMagic.esp,Greater Fire Rune,0xAE1FF868,0xAB1FF868
Apocalypse - Magic of Skyrim.esp,Pyroclasm,0xAC0BDFA7,0xA90BDFA7
Apocalypse - Magic of Skyrim.esp,Electrosphere,0xAC001879,0xA9001879
StormCalling.esl,Teslasphere,0xFE080833,0xFE07F833
Apocalypse - Magic of Skyrim.esp,Scattershock,0xAC024E49,0xA9024E49
Fanatical Enemies.esp,Great Thunder,0xC5E80038,0xC0E80038
MysticismMagic.esp,Electrocute,0xAEA0782A,0xABA0782A
MysticismMagic.esp,Greater Flames,0xAE1D7023,0xAB1D7023
Apocalypse - Magic of Skyrim.esp,Frozen Orb,0xAC020A58,0xA9020A58
AncientBloodII.esl,Blood Tendrils,0xFE085906,0xFE084906
Apocalypse - Magic of Skyrim.esp,Skull Trap,0xAC106B29,0xA9106B29
MysticismMagic.esp,Immolate,0xAE1D7020,0xAB1D7020
Astral.esl,Astral Rune,0xFE07F834,0xFE07E834
Astral.esl,Astral Light,0xFE07F830,0xFE07E830
Astral.esl,Pure Astral Bite,0xFE07F839,0xFE07E839
Astral.esl,Pure Astral Wave,0xFE07F83B,0xFE07E83B
Apocalypse - Magic of Skyrim.esp,Crackle,0xAC109653,0xA9109653
Apocalypse - Magic of Skyrim.esp,Carbonize,0xAC0BB94E,0xA90BB94E
Abyss.esp,Shadow Aura,0xFE97EB1F,0xFE99CB1F
MysticismMagic.esp,Greater Sparks,0xAE1D702A,0xAB1D702A
Apocalypse - Magic of Skyrim.esp,Thundercrack,0xAC07C83B,0xA907C83B
Triumvirate - Mage Archetypes.esp,Witch Bolt,0xB51AF89A,0xB11AF89A
Desecration.esp,Necrotic Flame Touch,0xFE97D82F,0xFE99B82F
Desecration.esp,Necrotic Fire Bolt,0xFE97D9A4,0xFE99B9A4
Desecration.esp,Necrotic Burn Touch,0xFE97D828,0xFE99B828
Desecration.esp,Necrotic Flames,0xFE97D817,0xFE99B817
MysticismMagic.esp,Vampiric Blast,0xAE46E8A8,0xAB46E8A8
MysticismMagic.esp,Vampiric Grasp,0xAE2E8863,0xAB2E8863
MysticismMagic.esp,Vampiric Touch,0xAE1B8A10,0xAB1B8A10
MysticismMagic.esp,Shocking Touch,0xAE1AE801,0xAB1AE801
Arclight.esp,Arclight Sparks,0xFE97C82D,0xFE99A82D
Abyss.esp,Shadow Rune,0xFE97E82A,0xFE99C82A
Elemental Destruction Magic Redux.esp,Wall of Earth,0xFE979934,0xFE997934
Elemental Destruction Magic Redux.esp,Earthquake,0xFE97993B,0xFE99793B
Elemental Destruction Magic Redux.esp,Boulder,0xFE97992F,0xFE99792F
MysticismMagic.esp,Scion's Embrace,0xAE445FA0,0xAB445FA0
MysticismMagic.esp,Touch of Death,0xAEA0782D,0xABA0782D
Apocalypse - Magic of Skyrim.esp,Frost Nova,0xAC1347EE,0xA91347EE
MysticismMagic.esp,Greater Frostbite,0xAE1D702B,0xAB1D702B
Supernova.esl,Supernova,0xFE081812,0xFE080812
Fanatical Enemies.esp,Empower,0xC58F2827,0xC08F2827
MysticismMagic.esp,Siphon Spirit,0xAE445FA8,0xAB445FA8
MysticismMagic.esp,Leech Magicka,0xAE440E96,0xAB440E96
Fanatical Enemies.esp,Electrify,0xC5C716A8,0xC0C716A8
MysticismMagic.esp,Chilling Touch,0xAE1AE800,0xAB1AE800
MysticismMagic.esp,Icy Touch,0xAECDB97D,0xABCDB97D
Vulcano.esp,Molten Ash,0xFE97B82D,0xFE99982D
Apocalypse - Magic of Skyrim.esp,Unbound Fire,0xAC0B2C73,0xA90B2C73
MysticismMagic.esp,Blood Lance,0xAE1B8A09,0xAB1B8A09
Apocalypse - Magic of Skyrim.esp,Hailstone,0xAC02E634,0xA902E634
Apocalypse - Magic of Skyrim.esp,Fracture,0xAC142B7F,0xA9142B7F
MysticismMagic.esp,Drain Life,0xAE445FB7,0xAB445FB7
MysticismMagic.esp,Drain Magicka,0xAE445FC4,0xAB445FC4
MysticismMagic.esp,Drain Stamina,0xAE2DE656,0xAB2DE656
MysticismMagic.esp,Vampiric Bolt,0xAE1B8A15,0xAB1B8A15
Triumvirate - Mage Archetypes.esp,Draining Touch,0xB52FDF7D,0xB12FDF7D
W3S.esl,Igni - Concentrated Flame,0xFE083801,0xFE082801
Triumvirate - Mage Archetypes.esp,Solar Ray,0xB5205A8F,0xB1205A8F
MysticismMagic.esp,Greater Frost Rune,0xAE2FCC83,0xAB2FCC83
Apocalypse - Magic of Skyrim.esp,Apocalypse,0xAC023316,0xA9023316
Apocalypse - Magic of Skyrim.esp,Bombardment,0xAC0294D4,0xA90294D4
Apocalypse - Magic of Skyrim.esp,Bolide,0xAC0294CD,0xA90294CD
MysticismMagic.esp,Leech Stamina,0xAE2DE648,0xAB2DE648
MysticismMagic.esp,Sap Essence,0xAE445FB2,0xAB445FB2
Arclight.esp,Arclight Chain,0xFE97C9E2,0xFE99A9E2
Arclight.esp,Arclight Wave,0xFE97C838,0xFE99A838
Arclight.esp,Arclight Aura,0xFE97C826,0xFE99A826
Arclight.esp,Arclight Contact,0xFE97C82B,0xFE99A82B
MysticismMagic.esp,Flame Touch,0xAEC43A35,0xABC43A35
StormCalling.esl,Streak,0xFE08080A,0xFE07F80A
Apocalypse - Magic of Skyrim.esp,Ride the Lightning,0xAC0B5D28,0xA90B5D28
Apocalypse - Magic of Skyrim.esp,Scorching Hands,0xAC02388C,0xA902388C
Apocalypse - Magic of Skyrim.esp,Incendiary Flow,0xAC0F2189,0xA90F2189
Apocalypse - Magic of Skyrim.esp,Forbidden Sun,0xAC08F31B,0xA908F31B
Triumvirate - Mage Archetypes.esp,Consecrated Ground,0xB5205A93,0xB1205A93
Arclight.esp,Arclight Touch,0xFE97C836,0xFE99A836
Arclight.esp,Arclight Rune,0xFE97C831,0xFE99A831
Arclight.esp,Arclight Bolt,0xFE97C829,0xFE99A829
Vulcano.esp,Molten Bolt,0xFE97B829,0xFE999829
Shockwave.esl,Muffler,0xFE07E824,0xFE07D824
Shockwave.esl,Amplifier,0xFE07E823,0xFE07D823
Shockwave.esl,Resona,0xFE07E820,0xFE07D820
Astral.esl,Astral Crash,0xFE07F83F,0xFE07E83F
Triumvirate - Mage Archetypes.esp,Cloudkill,0xB51A0588,0xB11A0588
MysticismMagic.esp,Scorch,0xAE7847E9,0xAB7847E9
MysticismMagic.esp,Fiery Grasp,0xAE1D702D,0xAB1D702D
Triumvirate - Mage Archetypes.esp,Hurl Into Oblivion,0xB51B49A7,0xB11B49A7
Abyss.esp,Shadow Torrent,0xFE97EC0B,0xFE99CC0B
Shockwave.esl,Reverbra,0xFE07E800,0xFE07D800
Shockwave.esl,Mega Reverbra,0xFE07E825,0xFE07D825
AncientBloodII.esl,Blood Implosion,0xFE08589B,0xFE08489B
MysticismMagic.esp,Leech Life,0xAE440E99,0xAB440E99
Shockwave.esl,Novasphere,0xFE07E827,0xFE07D827
Supernova.esl,Stardust,0xFE081815,0xFE080815
Vulcano.esp,Molten Core,0xFE97B82C,0xFE99982C
Vulcano.esp,Molten Eruption,0xFE97B99F,0xFE99999F
Vulcano.esp,Molten Lava Detonation,0xFE97B835,0xFE999835
Vulcano.esp,Molten Earth,0xFE97B82E,0xFE99982E
Astral.esl,Greater Astral Light,0xFE07F8D1,0xFE07E8D1
Astral.esl,Astral Blitz,0xFE07F8D7,0xFE07E8D7
Astral.esl,Greater Astral Blitz,0xFE07F841,0xFE07E841
Astral.esl,Pure Astral Light,0xFE07F8D2,0xFE07E8D2
Astral.esl,Greater Astral Wave,0xFE07F83A,0xFE07E83A
Fanatical Enemies.esp,Dark Thunderblast,0xC54B59DF,0xC04B59DF
Apocalypse - Magic of Skyrim.esp,Shock Nova,0xAC00186D,0xA900186D
AncientBloodII.esl,Blood-Flame Whirlwind,0xFE08588C,0xFE08488C
Astral.esl,Greater Astral Bite,0xFE07F838,0xFE07E838
Astral.esl,Astral Flare,0xFE07F83C,0xFE07E83C
Astral.esl,Greater Astral Flare,0xFE07F840,0xFE07E840
Desecration.esp,Necrotic Fire Rune,0xFE97D888,0xFE99B888
MysticismMagic.esp,Throat of the World,0xAE2E8870,0xAB2E8870
Astral.esl,Astral Spear,0xFE07F844,0xFE07E844
Astral.esl,Greater Astral Spear,0xFE07F845,0xFE07E845
Triumvirate - Mage Archetypes.esp,Balefire,0xB51A0577,0xB11A0577
Astral.esl,Astral Shield,0xFE07F8DE,0xFE07E8DE
Ghostlight.esl,Penance Aura - Fanning,0xFE084826,0xFE083826
Ghostlight.esl,Penance,0xFE084869,0xFE083869
Ghostlight.esl,Penance Arm,0xFE084893,0xFE083893
Ghostlight.esl,Penance Aura - Shielding,0xFE084827,0xFE083827
StormCalling.esl,Lightning Flood,0xFE080823,0xFE07F823
StormCalling.esl,Tonitrus,0xFE080955,0xFE07F955
Apocalypse - Magic of Skyrim.esp,Lightning Strike,0xAC002878,0xA9002878
Triumvirate - Mage Archetypes.esp,Holy Shock,0xB5214DBC,0xB1214DBC
MysticismMagic.esp,Static Touch,0xAECF9FAB,0xABCF9FAB
Fanatical Enemies.esp,Thunderburst,0xC5C6C5A3,0xC0C6C5A3
StormCalling.esl,Maelstrom,0xFE080A04,0xFE07FA04
MysticismMagic.esp,Stormblast,0xAE399C05,0xAB399C05
Ghostlight.esl,Grand Cross,0xFE08486C,0xFE08386C
Ghostlight.esl,Mass Inhibition,0xFE08482A,0xFE08382A
Ghostlight.esl,Ordinance of Light,0xFE084821,0xFE083821
Ghostlight.esl,Absolution,0xFE08486A,0xFE08386A
Ghostlight.esl,Inhibition,0xFE084829,0xFE083829
Ghostlight.esl,Retribution,0xFE08486B,0xFE08386B
Elemental Destruction Magic Redux.esp,Geyser,0xFE979941,0xFE997941
Elemental Destruction Magic Redux.esp,Rain Cloak,0xFE979923,0xFE997923
Elemental Destruction Magic Redux.esp,Water Rune,0xFE979921,0xFE997921
AncientBloodII.esl,Cascading Torment,0xFE08583A,0xFE08483A
AncientBloodII.esl,Banquet of Bats,0xFE08590E,0xFE08490E
AncientBloodII.esl,Leeching Aurora,0xFE08588D,0xFE08488D
AncientBloodII.esl,Blood Extraction,0xFE08589C,0xFE08489C
Abyss.esp,Shadow Grasp,0xFE97EA8E,0xFE99CA8E
Desecration.esp,Necrotic Scorch,0xFE97D833,0xFE99B833
Desecration.esp,Necrotic Devastation,0xFE97D9A2,0xFE99B9A2
Desecration.esp,Necrotic Flame Tempest,0xFE97D9A7,0xFE99B9A7
Elemental Destruction Magic Redux.esp,Zephyr,0xFE979945,0xFE997945
Elemental Destruction Magic Redux.esp,Wind Rune,0xFE979930,0xFE997930
Elemental Destruction Magic Redux.esp,Gust,0xFE979928,0xFE997928
AncientBloodII.esl,Entropic Flame,0xFE08591A,0xFE08491A
Desecration.esp,Necrotic Fire Grasp,0xFE97D835,0xFE99B835
Desecration.esp,Greater Necrotic Flames,0xFE97D9A8,0xFE99B9A8
Apocalypse - Magic of Skyrim.esp,Fingers of the Mountain,0xAC1124B1,0xA91124B1
Fanatical Enemies.esp,Frost Warding,0xC5CB33DB,0xC0CB33DB
Apocalypse - Magic of Skyrim.esp,Howling Blast,0xAC08F319,0xA908F319
Fanatical Enemies.esp,Frostbolt,0xC5E85147,0xC0E85147
Fanatical Enemies.esp,Cryoblast,0xC5CB33E0,0xC0CB33E0
Elemental Destruction Magic Redux.esp,Rapids,0xFE97991F,0xFE99791F
Elemental Destruction Magic Redux.esp,Waterball,0xFE979920,0xFE997920
Apocalypse - Magic of Skyrim.esp,Ice Shiv,0xAC024B44,0xA9024B44
Apocalypse - Magic of Skyrim.esp,Rift Bolt,0xAC0253C2,0xA90253C2
Apocalypse - Magic of Skyrim.esp,Creeping Cold,0xAC0279BD,0xA90279BD
SPERG-SSE.esp,Frost Rune,0xAF034FA7,0xAC034FA7
Fanatical Enemies.esp,Dire Incinerate,0xC5C9EFCA,0xC0C9EFCA
Apocalypse - Magic of Skyrim.esp,Cyclonic Rift,0xAC0B5D26,0xA90B5D26
Arclight.esp,Arclight Grasp,0xFE97C82F,0xFE99A82F
Arclight.esp,Arclight Flash,0xFE97C833,0xFE99A833
Apocalypse - Magic of Skyrim.esp,Twister,0xAC02D5DB,0xA902D5DB
Elemental Destruction Magic Redux.esp,Cyclone,0xFE979939,0xFE997939
Elemental Destruction Magic Redux.esp,Wall of Wind,0xFE979936,0xFE997936
Apocalypse - Magic of Skyrim.esp,Volcano,0xAC04733C,0xA904733C
Desecration.esp,Necrotic Flame Cloak,0xFE97D9A6,0xFE99B9A6
MysticismMagic.esp,Hoarfrost,0xAE445FFD,0xAB445FFD
Apocalypse - Magic of Skyrim.esp,Firebloom,0xAC1124B7,0xA91124B7
Arclight.esp,Arclight Discharge,0xFE97C82C,0xFE99A82C
Arclight.esp,Arclight Palm,0xFE97C82A,0xFE99A82A
Abyss.esp,Abyssal Shadow Grasp,0xFE97EA8F,0xFE99CA8F
Abyss.esp,Shadow Void,0xFE97EBF3,0xFE99CBF3
Abyss.esp,Shadow Orb,0xFE97EB21,0xFE99CB21
MysticismMagic.esp,Finger of the Mountain,0xAECF4EA4,0xABCF4EA4
Triumvirate - Mage Archetypes.esp,Holy Fire,0xB5205A91,0xB1205A91
MysticismMagic.esp,Vampiric Rune,0xAE2DE640,0xAB2DE640
Triumvirate - Mage Archetypes.esp,Draining Mist,0xB5330A2E,0xB1330A2E
Abyss.esp,Shadow Eruption,0xFE97E974,0xFE99C974
MysticismMagic.esp,Flame Tempest,0xAE445FD0,0xAB445FD0
Fanatical Enemies.esp,Dragon Breath,0xC5C9EFCE,0xC0C9EFCE
Elemental Destruction Magic Redux.esp,Stalagmite,0xFE979D65,0xFE997D65
Elemental Destruction Magic Redux.esp,Rock Cloak,0xFE97992C,0xFE99792C
Elemental Destruction Magic Redux.esp,Earth Rune,0xFE97992E,0xFE99792E
Elemental Destruction Magic Redux.esp,Torrent,0xFE979924,0xFE997924
Elemental Destruction Magic Redux.esp,Wall of Water,0xFE979926,0xFE997926
Elemental Destruction Magic Redux.esp,Tidal Wave,0xFE979925,0xFE997925
Vulcano.esp,Molten Rune,0xFE97B831,0xFE999831
Vulcano.esp,Molten Aura,0xFE97B826,0xFE999826
Vulcano.esp,Molten Touch,0xFE97B836,0xFE999836
Elemental Destruction Magic Redux.esp,Gravel,0xFE97992B,0xFE99792B
Elemental Destruction Magic Redux.esp,Rock Blast,0xFE97992D,0xFE99792D
Vulcano.esp,Molten Fragment,0xFE97B833,0xFE999833
Vulcano.esp,Molten Grasp,0xFE97B82F,0xFE99982F
Vulcano.esp,Molten Blade,0xFE97B838,0xFE999838
Vulcano.esp,Molten Lava,0xFE97B834,0xFE999834
Vulcano.esp,Molten Skoria,0xFE97B9AD,0xFE9999AD
Vulcano.esp,Molten Wall,0xFE97B837,0xFE999837
Vulcano.esp,Molten Contact,0xFE97B82B,0xFE99982B
Elemental Destruction Magic Redux.esp,Tornado,0xFE979931,0xFE997931
Elemental Destruction Magic Redux.esp,Whirlwind Cloak,0xFE979932,0xFE997932
Elemental Destruction Magic Redux.esp,Tempest,0xFE979938,0xFE997938
Desecration.esp,Necrotic Fire Storm,0xFE97D9A5,0xFE99B9A5
Abyss.esp,Shadow Ambush,0xFE97EBA7,0xFE99CBA7
Abyss.esp,Shadow Bolt,0xFE97EB1C,0xFE99CB1C
Triumvirate - Mage Archetypes.esp,Storm of Vengeance,0xB521EFFA,0xB121EFFA
Vulcano.esp,Molten Palm,0xFE97B82A,0xFE99982A
Vulcano.esp,Molten Ray,0xFE97B8F2,0xFE9998F2
Vulcano.esp,Molten Lava Rune,0xFE97B832,0xFE999832
Arclight.esp,Arclight Storm,0xFE97C8F2,0xFE99A8F2
Arclight.esp,Arclight Detonation,0xFE97C835,0xFE99A835
Arclight.esp,Arclight Charged Rune,0xFE97C832,0xFE99A832
Arclight.esp,Arclight Wall,0xFE97C837,0xFE99A837
Desecration.esp,Necrotic Fire Ball,0xFE97D9A3,0xFE99B9A3
Desecration.esp,Wall of Necrotic Flames,0xFE97D821,0xFE99B821
Desecration.esp,Necrotic Combustion,0xFE97D9A1,0xFE99B9A1
Fanatical Enemies.esp,Fire Warding,0xC50CB76B,0xC00CB76B
Desecration.esp,Greater Necrotic Fire Rune,0xFE97D88B,0xFE99B88B
Abyss.esp,Shadow Burst,0xFE97EB1E,0xFE99CB1E
Abyss.esp,Shadow Eye,0xFE97E860,0xFE99C860
Abyss.esp,Shadow Wall,0xFE97EBE4,0xFE99CBE4
Fanatical Enemies.esp,Summon Fiery Orb,0xC5E80041,0xC0E80041
MysticismMagic.esp,Hush,0xAE4AB524,0xAB4AB524
Triumvirate - Mage Archetypes.esp,Exile,0xB51CDEED,0xB11CDEED
Apocalypse - Magic of Skyrim.esp,Evil Twin,0xAC037332,0xA9037332
Apocalypse - Magic of Skyrim.esp,Figment of Pain,0xAC043CE1,0xA9043CE1
MysticismMagic.esp,Shroud,0xAE2A6AC8,0xAB2A6AC8
Apocalypse - Magic of Skyrim.esp,Pull From Eternity,0xAC085B03,0xA9085B03
Apocalypse - Magic of Skyrim.esp,Mirror Entity,0xAC037E1A,0xA9037E1A
Apocalypse - Magic of Skyrim.esp,Spectral Warband,0xAC085579,0xA9085579
MysticismMagic.esp,Sanctuary,0xAE2A6AC9,0xAB2A6AC9
Apocalypse - Magic of Skyrim.esp,Seidstone,0xAC109839,0xA9109839
MysticismMagic.esp,Quietude,0xAE2B0CE9,0xAB2B0CE9
Triumvirate - Mage Archetypes.esp,Suggestion,0xB51D3000,0xB11D3000
W3S.esl,Axii - Hypnotic Hex,0xFE083815,0xFE082815
Triumvirate - Mage Archetypes.esp,Gather Shadows,0xB53727BF,0xB13727BF
Apocalypse - Magic of Skyrim.esp,Compelling Whispers,0xAC05865B,0xA905865B
Triumvirate - Mage Archetypes.esp,Darkness,0xB53727C3,0xB13727C3
Abyss.esp,Shadow Chains,0xFE97EB22,0xFE99CB22
MysticismMagic.esp,Fade,0xAEA9A573,0xABA9A573
Apocalypse - Magic of Skyrim.esp,Death March,0xAC096A0F,0xA9096A0F
Apocalypse - Magic of Skyrim.esp,Geas Rune,0xAC129554,0xA9129554
Triumvirate - Mage Archetypes.esp,Life Tap,0xB5224108,0xB1224108
Triumvirate - Mage Archetypes.esp,Possession,0xB53F637F,0xB13F637F
Abyss.esp,Shadow Soul,0xFE97EACD,0xFE99CACD
Apocalypse - Magic of Skyrim.esp,Mind Vision,0xAC0378A9,0xA90378A9
Apocalypse - Magic of Skyrim.esp,Deliver Unto Vaermina,0xAC0BB953,0xA90BB953
Apocalypse - Magic of Skyrim.esp,Pale Shadow,0xAC08558A,0xA908558A
MysticismMagic.esp,Fear Rune,0xAE3E5BEE,0xAB3E5BEE
MysticismMagic.esp,Hypnotize,0xAE4B063B,0xAB4B063B
Apocalypse - Magic of Skyrim.esp,Mimic's Cloak,0xAC1274CF,0xA91274CF
MysticismMagic.esp,Silence Rune,0xAE3E5BD3,0xAB3E5BD3
MysticismMagic.esp,Paralyze Rune,0xAE2CF335,0xAB2CF335
MysticismMagic.esp,Panic,0xAE4AB528,0xAB4AB528
MysticismMagic.esp,Fury,0xAEB4B8F4,0xABB4B8F4
MysticismMagic.esp,Domination,0xAE2CA219,0xAB2CA219
MysticismMagic.esp,Calm Rune,0xAE3E0AC5,0xAB3E0AC5
Fanatical Enemies.esp,Mind Sear,0xC54BFBF0,0xC04BFBF0
MysticismMagic.esp,Soothe,0xAE4B063A,0xAB4B063A
Apocalypse - Magic of Skyrim.esp,Dispel Magic,0xAC00BB25,0xA900BB25
Apocalypse - Magic of Skyrim.esp,Last Word,0xAC0416BF,0xA90416BF
MysticismMagic.esp,Mute,0xAE2B5DFA,0xAB2B5DFA
Apocalypse - Magic of Skyrim.esp,Shroudwalk,0xAC0DD94B,0xA90DD94B
MysticismMagic.esp,Vanish,0xAE705EAF,0xAB705EAF
Apocalypse - Magic of Skyrim.esp,Hidden Cobra,0xAC046DC4,0xA9046DC4
Triumvirate - Mage Archetypes.esp,Decrepify,0xB5224113,0xB1224113
Apocalypse - Magic of Skyrim.esp,Scream of Pain,0xAC0321BA,0xA90321BA
Apocalypse - Magic of Skyrim.esp,Wyrd,0xAC096A16,0xA9096A16
Triumvirate - Mage Archetypes.esp,Weaken,0xB522411C,0xB122411C
Apocalypse - Magic of Skyrim.esp,Mind Control,0xAC0378AE,0xA90378AE
MysticismMagic.esp,Wrath,0xAE4AB52F,0xAB4AB52F
Triumvirate - Mage Archetypes.esp,Obedience,0xB51D8106,0xB11D8106
Apocalypse - Magic of Skyrim.esp,Magicka Void,0xAC00B5B7,0xA900B5B7
Triumvirate - Mage Archetypes.esp,Reveal Secrets,0xB53727C1,0xB13727C1
Abyss.esp,Shadow Mark,0xFE97EBAC,0xFE99CBAC
Triumvirate - Mage Archetypes.esp,Nightfall,0xB531C5B8,0xB131C5B8
Abyss.esp,Abyssal Shadow Step,0xFE97EB89,0xFE99CB89
Apocalypse - Magic of Skyrim.esp,Thoughtsteal,0xAC00BB22,0xA900BB22
Apocalypse - Magic of Skyrim.esp,Illusory Flames,0xAC03682F,0xA903682F
Apocalypse - Magic of Skyrim.esp,Shared Trauma,0xAC00C0AC,0xA900C0AC
MysticismMagic.esp,Silence,0xAEB467E6,0xABB467E6
Abyss.esp,Shadow Regeneration,0xFE97EAC1,0xFE99CAC1
MysticismMagic.esp,Invisibility,0xAEC4DC3A,0xABC4DC3A
Apocalypse - Magic of Skyrim.esp,Shadowbond,0xAC055B32,0xA9055B32
Apocalypse - Magic of Skyrim.esp,Harrowing Dirge,0xAC0C74EA,0xA90C74EA
Apocalypse - Magic of Skyrim.esp,Curse of the Silent,0xAC017509,0xA9017509
Apocalypse - Magic of Skyrim.esp,Backlash,0xAC1132DA,0xA91132DA
Apocalypse - Magic of Skyrim.esp,Enslave the Weak,0xAC0306AC,0xA90306AC
MysticismMagic.esp,Command Rune,0xAE3E5BE1,0xAB3E5BE1
Abyss.esp,Shadow Step,0xFE97EB88,0xFE99CB88
Abyss.esp,Shadow Bane,0xFE97EB25,0xFE99CB25
Apocalypse - Magic of Skyrim.esp,Illusory Pyre,0xAC032C8B,0xA9032C8B
Triumvirate - Mage Archetypes.esp,Iron Maiden,0xB5224110,0xB1224110
Triumvirate - Mage Archetypes.esp,Frailty,0xB5224119,0xB1224119
MysticismMagic.esp,Command,0xAE2B0CEE,0xAB2B0CEE
Apocalypse - Magic of Skyrim.esp,Empathic Agony,0xAC0A4EF7,0xA90A4EF7
Apocalypse - Magic of Skyrim.esp,Vanish,0xAC037E24,0xA9037E24
Apocalypse - Magic of Skyrim.esp,Ghostwalk,0xAC00AAE8,0xA900AAE8
Apocalypse - Magic of Skyrim.esp,Blood for Blood,0xAC127FA7,0xA9127FA7
MysticismMagic.esp,Control,0xAE2CA217,0xAB2CA217
Triumvirate - Mage Archetypes.esp,Spirit Guardian,0xB51D2FF0,0xB11D2FF0
Abyss.esp,Shadow Mantle,0xFE97EABC,0xFE99CABC
Triumvirate - Mage Archetypes.esp,Exodus,0xB51DD20C,0xB11DD20C
MysticismMagic.esp,Immobilize,0xAE176CD0,0xAB176CD0
MysticismMagic.esp,Chameleon,0xAE2CA222,0xAB2CA222
Abyss.esp,Shadow Enfeeblement,0xFE97EB23,0xFE99CB23
MysticismMagic.esp,Ghostwalk,0xAE2CA226,0xAB2CA226
Abyss.esp,Shadow Grave,0xFE97EB24,0xFE99CB24
MysticismMagic.esp,Eclipse,0xAE48CF09,0xAB48CF09
Lightpower.esl,Sanctuary,0xFE082825,0xFE081825
MysticismMagic.esp,Radiant Sunlight Rune,0xAE9AC5CE,0xAB9AC5CE
Apocalypse - Magic of Skyrim.esp,Bone Spirit,0xAC03527C,0xA903527C
DawnguardArsenal.esp,Sun Ray,0x8E019434,0x8B019434
MysticismMagic.esp,Poison Cloud,0xAE1E6352,0xAB1E6352
MysticismMagic.esp,Venomous Touch,0xAED278E3,0xABD278E3
Fanatical Enemies.esp,Divine Judgement,0xC5DC4A7F,0xC0DC4A7F
MysticismMagic.esp,Charged Nova,0xAE25FBFF,0xAB25FBFF
Triumvirate - Mage Archetypes.esp,Aura of Thorns,0xB51E742B,0xB11E742B
MysticismMagic.esp,Reflective Light,0xAE2508C9,0xAB2508C9
Fanatical Enemies.esp,Healing Spark,0xC58F281E,0xC08F281E
MysticismMagic.esp,Rapid Regeneration,0xAE9A74C9,0xAB9A74C9
Triumvirate - Mage Archetypes.esp,Aura of Vigor,0xB51E7429,0xB11E7429
MysticismMagic.esp,Close Wounds,0xAE515B97,0xAB515B97
MysticismMagic.esp,Regeneration,0xAE2559DE,0xAB2559DE
Apocalypse - Magic of Skyrim.esp,Wild Healing,0xAC086056,0xA9086056
DawnguardArsenal.esp,Holy Ground,0x8E0610C8,0x8B0610C8
MysticismMagic.esp,Searing Grasp,0xAE2280B0,0xAB2280B0
Lightpower.esl,Sunlight Targe,0xFE082820,0xFE081820
MysticismMagic.esp,Mara's Embrace,0xAE7D5826,0xAB7D5826
Apocalypse - Magic of Skyrim.esp,Resurgence,0xAC01E701,0xA901E701
MysticismMagic.esp,Close Greater Wounds,0xAE27E242,0xAB27E242
Fanatical Enemies.esp,Bloom,0xC5ED6CF3,0xC0ED6CF3
Apocalypse - Magic of Skyrim.esp,Healing Blossom,0xAC05F74D,0xA905F74D
SPERG-SSE.esp,Lesser Ward,0xAF04A010,0xAC04A010
SPERG-SSE.esp,Steadfast Ward,0xAF04A00F,0xAC04A00F
Apocalypse - Magic of Skyrim.esp,Ruin,0xAC0159D8,0xA90159D8
Triumvirate - Mage Archetypes.esp,Spirit Storm,0xB53B9685,0xB13B9685
Apocalypse - Magic of Skyrim.esp,Withershins,0xAC0BB95A,0xA90BB95A
Fanatical Enemies.esp,Greater Bloom,0xC5EDBE02,0xC0EDBE02
MysticismMagic.esp,Miasma,0xAE9606AC,0xAB9606AC
Triumvirate - Mage Archetypes.esp,Bramble Growth,0xB527F3B4,0xB127F3B4
MysticismMagic.esp,Viper's Grasp,0xAE209A76,0xAB209A76
Lightpower.esl,Consecrate Dead,0xFE082826,0xFE081826
MysticismMagic.esp,Sunbeam,0xAE7388D3,0xAB7388D3
Apocalypse - Magic of Skyrim.esp,Channel Energies,0xAC01FCCE,0xA901FCCE
Apocalypse - Magic of Skyrim.esp,Nature's Balance,0xAC0012DC,0xA90012DC
Apocalypse - Magic of Skyrim.esp,Biorhythm,0xAC0BB960,0xA90BB960
MysticismMagic.esp,Cure Disease,0xAE283346,0xAB283346
W3S.esl,Quen - Bastion,0xFE083807,0xFE082807
W3S.esl,Quen - Guardian,0xFE08383E,0xFE08283E
MysticismMagic.esp,Sunlight Rune,0xAE890D64,0xAB890D64
MysticismMagic.esp,Sunlight Touch,0xAE20496A,0xAB20496A
MysticismMagic.esp,Viperbolt,0xAE1E634F,0xAB1E634F
MysticismMagic.esp,Wall of Poison,0xAE96F9BA,0xAB96F9BA
MysticismMagic.esp,Grand Ward,0xAE283349,0xAB283349
Apocalypse - Magic of Skyrim.esp,Decompose,0xAC01F1FB,0xA901F1FB
Triumvirate - Mage Archetypes.esp,Shield of Awe,0xB53AF461,0xB13AF461
Apocalypse - Magic of Skyrim.esp,Devastate,0xAC095F40,0xA9095F40
Triumvirate - Mage Archetypes.esp,Spirit of the Oak,0xB527F3B0,0xB127F3B0
Apocalypse - Magic of Skyrim.esp,Horrid Wilting,0xAC012214,0xA9012214
Apocalypse - Magic of Skyrim.esp,Finger of Death,0xAC035452,0xA9035452
Apocalypse - Magic of Skyrim.esp,Lamb of Mara,0xAC036A03,0xA9036A03
Apocalypse - Magic of Skyrim.esp,Necroplague,0xAC034D12,0xA9034D12
Triumvirate - Mage Archetypes.esp,Spirit Fire,0xB53A0125,0xB13A0125
Apocalypse - Magic of Skyrim.esp,Welling Blood,0xAC01FCD9,0xA901FCD9
Apocalypse - Magic of Skyrim.esp,Hemorrhage,0xAC0BFABE,0xA90BFABE
Lightpower.esl,Sun Shards,0xFE082824,0xFE081824
MysticismMagic.esp,Mutagen,0xAE2559DF,0xAB2559DF
MysticismMagic.esp,Radiant Sunbeam,0xAE78E9F4,0xAB78E9F4
Apocalypse - Magic of Skyrim.esp,Circle of Strength,0xAC036A05,0xA9036A05
Apocalypse - Magic of Skyrim.esp,Mystic Wind,0xAC0E8B77,0xA90E8B77
Fanatical Enemies.esp,Blight Healing,0xC5915F43,0xC0915F43
Fanatical Enemies.esp,Healing Prayer,0xC5E0B8D3,0xC0E0B8D3
MysticismMagic.esp,Grand Healing,0xAE27E243,0xAB27E243
Apocalypse - Magic of Skyrim.esp,Leech Seed,0xAC13E4FD,0xA913E4FD
DawnguardArsenal.esp,Meridian Rune,0x8E00081D,0x8B00081D
Apocalypse - Magic of Skyrim.esp,Tree Rings,0xAC13DA15,0xA913DA15
Apocalypse - Magic of Skyrim.esp,Hallowed Weapon,0xAC0BAE7D,0xA90BAE7D
MysticismMagic.esp,Circle of Strength,0xAEF21F4A,0xABF21F4A
Apocalypse - Magic of Skyrim.esp,Circle of the Moons,0xAC1238E4,0xA91238E4
MysticismMagic.esp,Circle of Wisdom,0xAE48CEFA,0xAB48CEFA
MysticismMagic.esp,Poisonbolt,0xAED6E7AF,0xABD6E7AF
MysticismMagic.esp,Augur of Aetherius,0xAE274025,0xAB274025
Apocalypse - Magic of Skyrim.esp,Godform,0xAC086B2E,0xA9086B2E
Apocalypse - Magic of Skyrim.esp,Valkyrie's Embrace,0xAC0A1D9E,0xA90A1D9E
Apocalypse - Magic of Skyrim.esp,Circle of Glory,0xAC0BB95D,0xA90BB95D
Apocalypse - Magic of Skyrim.esp,King's Heart,0xAC033CCA,0xA9033CCA
Apocalypse - Magic of Skyrim.esp,Breath of Arkay,0xAC12B063,0xA912B063
Fanatical Enemies.esp,Intervention,0xC5DC4A83,0xC0DC4A83
Apocalypse - Magic of Skyrim.esp,Infinite Light,0xAC02F66E,0xA902F66E
MysticismMagic.esp,Font of Life,0xAEF3B48D,0xABF3B48D
MysticismMagic.esp,Deadly Poison Spray,0xAE9420A3,0xAB9420A3
MysticismMagic.esp,Poisonous Touch,0xAE209A74,0xAB209A74
MysticismMagic.esp,Poison Spray,0xAE8C886D,0xAB8C886D
MysticismMagic.esp,Circle of Life,0xAEF3637F,0xABF3637F
Lightpower.esl,Wrath of the Heavens,0xFE082829,0xFE081829
MysticismMagic.esp,Poison Cloak,0xAE209A73,0xAB209A73
Lightpower.esl,Hallowed Flare,0xFE08285B,0xFE08185B
MysticismMagic.esp,Wall of Sunlight,0xAE9C09E5,0xAB9C09E5
Fanatical Enemies.esp,Salvation,0xC5F2C2EB,0xC0F2C2EB
MysticismMagic.esp,Radiant Touch,0xAED45F28,0xABD45F28
MysticismMagic.esp,Stendarr's Mercy,0xAE482CE4,0xAB482CE4
DawnguardArsenal.esp,Gaze of Arkay,0x8E02D110,0x8B02D110
Apocalypse - Magic of Skyrim.esp,Dust To Dust,0xAC11122C,0xA911122C
Apocalypse - Magic of Skyrim.esp,Sealed Resolve,0xAC01FCCA,0xA901FCCA
Apocalypse - Magic of Skyrim.esp,Slay Living,0xAC003E0F,0xA9003E0F
Triumvirate - Mage Archetypes.esp,Visions of Opportunity,0xB5363496,0xB1363496
Triumvirate - Mage Archetypes.esp,Spirit of Thornbriar,0xB52844CD,0xB12844CD
Triumvirate - Mage Archetypes.esp,Mass Immortality,0xB51EC531,0xB11EC531
Apocalypse - Magic of Skyrim.esp,Meridia's Wrath,0xAC0362C7,0xA90362C7
Apocalypse - Magic of Skyrim.esp,Blood Boil,0xAC0BFAB2,0xA90BFAB2
Apocalypse - Magic of Skyrim.esp,Heart of Thorns,0xAC0BFABC,0xA90BFABC
Apocalypse - Magic of Skyrim.esp,Bloodseeker,0xAC048398,0xA9048398
Apocalypse - Magic of Skyrim.esp,Resurrection,0xAC06C9DA,0xA906C9DA
Apocalypse - Magic of Skyrim.esp,Worm Shroud,0xAC12CB8D,0xA912CB8D
MysticismMagic.esp,Daybreak,0xAEB4B902,0xABB4B902
MysticismMagic.esp,Solar Flare,0xAE2466C0,0xAB2466C0
Apocalypse - Magic of Skyrim.esp,Life's Finale,0xAC083FA8,0xA9083FA8
MysticismMagic.esp,Font of Strength,0xAEF3635D,0xABF3635D
MysticismMagic.esp,Font of Wisdom,0xAEF3636B,0xABF3636B
Apocalypse - Magic of Skyrim.esp,Bone Storm,0xAC0B8DCF,0xA90B8DCF
Apocalypse - Magic of Skyrim.esp,Culling Rune,0xAC0B9344,0xA90B9344
MysticismMagic.esp,Death Cloud,0xAE1FA75F,0xAB1FA75F
Apocalypse - Magic of Skyrim.esp,Defy Death,0xAC0BA90B,0xA90BA90B
Triumvirate - Mage Archetypes.esp,Visions of Healing,0xB53AF459,0xB13AF459
Fanatical Enemies.esp,Bark,0xC5EDBDFA,0xC0EDBDFA
Triumvirate - Mage Archetypes.esp,Aura of Might,0xB51E7427,0xB11E7427
Triumvirate - Mage Archetypes.esp,Aid,0xB51EC53D,0xB11EC53D
MysticismMagic.esp,Attunement,0xAE274020,0xAB274020
MysticismMagic.esp,Arkay's Light,0xAE9A74CB,0xAB9A74CB
Triumvirate - Mage Archetypes.esp,Spirit of the Sun,0xB527F3B6,0xB127F3B6
Triumvirate - Mage Archetypes.esp,Parasitic Growth,0xB527F3B2,0xB127F3B2
Apocalypse - Magic of Skyrim.esp,Circle of Death,0xAC01220F,0xA901220F
MysticismMagic.esp,Deadly Poison Rune,0xAE209A7A,0xAB209A7A
Fanatical Enemies.esp,Impenetrable Ward,0xC5DF23B1,0xC0DF23B1
MysticismMagic.esp,Spelldrinker,0xAE3DB99C,0xAB3DB99C
SPERG-SSE.esp,Greater Ward,0xAF047A03,0xAC047A03
MysticismMagic.esp,Black Marsh,0xAE2ED973,0xAB2ED973
MysticismMagic.esp,Venomfang,0xAE48CF04,0xAB48CF04
Fanatical Enemies.esp,Corrosive Blood Plague,0xC5E8A279,0xC0E8A279
